{
  "design": {
    "ablations": 10,
    "episodes_per_cell": 6,
    "fixed_risk_budgets": 4,
    "methods": 16,
    "regimes": 10,
    "seeds": 10,
    "splits": 8,
    "stress_levels": 10,
    "tasks": 8
  },
  "gates": {
    "ablation_gate": false,
    "ablation_success_margin_vs_best_removed_component": -0.006249999999999978,
    "ablation_utility_margin_vs_best_removed_component": 0.0031827179299074304,
    "best_removed_component_success": "minus_mode_switch_latency_guard",
    "best_removed_component_utility": "minus_mode_switch_latency_guard",
    "boundary_error_delta_vs_strongest": -0.04067608779808929,
    "calibration_ece_delta_vs_strongest": -0.02364542162657646,
    "contact_mode_f1_delta_vs_strongest": 0.07588358125489303,
    "diagnostic_gate": true,
    "energy_spike_delta_vs_strongest": -0.02586908847704303,
    "fixed_risk_gate": true,
    "impulse_violation_delta_vs_strongest": -0.01444764600265147,
    "intervention_cost_delta_vs_strongest": 0.009773875106518337,
    "jam_rate_delta_vs_strongest": -0.017401329144905903,
    "mode_switch_latency_delta_vs_strongest": -0.01958258098998078,
    "pairwise_gate": true,
    "safety_gate": true,
    "scope_gate": false,
    "slip_overshoot_delta_vs_strongest": -0.015391958571178959,
    "stress_gate": true,
    "stress_utility_margin_at_max_stress": 0.09609425811798689,
    "strict_fixed_risk_coverage": 0.9280302724524881,
    "strict_fixed_risk_utility_margin": 0.12354146334521954,
    "strongest_non_oracle_baseline": "proposed_contact_mode_boundary_atlas_v4",
    "success_gate": true,
    "success_margin_vs_strongest": 0.06875000000000009,
    "unsafe_impulse_delta_vs_strongest": -0.017558579485828153,
    "utility_margin_vs_strongest": 0.09277013508757304
  },
  "iclr_main_ready": false,
  "oracle_method": "oracle_hybrid_contact_supervisor",
  "oracle_metrics": {
    "boundary_error": 0.162667008712488,
    "calibration_ece": 0.019665445721722703,
    "complementarity_residual": 0.02772984395664249,
    "contact_mode_f1": 0.6081676463357347,
    "energy_spike": 0.015930818957557012,
    "fixed_risk_coverage": 0.7107728186218121,
    "impulse_violation": 0.037151493034284166,
    "intervention_cost": 0.19233662747087715,
    "jam_rate": 0.024188986111360476,
    "mode_switch_latency": 0.028625774104418095,
    "recovery_success": 0.630620094975426,
    "regret_to_oracle": 0.0,
    "slip_overshoot": 0.016830285695511683,
    "success": 0.6989583333333333,
    "unsafe_impulse": 0.0033271040662434166,
    "utility": 0.7705194409610148
  },
  "paper": 109,
  "primary_method": "contact_mode_boundary_audit_v5",
  "primary_metrics": {
    "boundary_error": 0.17215740282117858,
    "calibration_ece": 0.02997335593092144,
    "complementarity_residual": 0.0411397115960635,
    "contact_mode_f1": 0.572025648565005,
    "energy_spike": 0.01946141742562745,
    "fixed_risk_coverage": 0.646749012666692,
    "impulse_violation": 0.045665379196018305,
    "intervention_cost": 0.19500666889301302,
    "jam_rate": 0.027287672395929292,
    "mode_switch_latency": 0.034340000039501536,
    "recovery_success": 0.5896219157683775,
    "regret_to_oracle": 0.04125000000000002,
    "slip_overshoot": 0.028920321668080413,
    "success": 0.6608333333333334,
    "unsafe_impulse": 0.011906062042475308,
    "utility": 0.7234828465420475
  },
  "rationale": "expanded local non-smooth mechanics evidence fails at least one frozen empirical gate",
  "row_counts": {
    "ablation_cell_rows": 8000,
    "ablation_metric_rows": 10,
    "ablation_seed_rows": 100,
    "dataset_summary_rows": 640,
    "failure_case_rows": 24,
    "fixed_risk_cell_rows": 51200,
    "fixed_risk_metric_rows": 64,
    "fixed_risk_pairwise_rows": 60,
    "fixed_risk_seed_rows": 640,
    "hard_metric_rows": 16,
    "hard_pairwise_rows": 15,
    "hard_seed_rows": 160,
    "main_cell_rows": 102400,
    "main_group_rows": 10240,
    "metric_rows": 128,
    "seed_metric_rows": 1280,
    "stress_cell_rows": 48000,
    "stress_metric_rows": 60,
    "stress_seed_rows": 600
  },
  "slug": "non_smooth_mechanics_for_foundation_policies",
  "strongest_non_oracle_baseline": "proposed_contact_mode_boundary_atlas_v4",
  "strongest_non_oracle_metrics": {
    "boundary_error": 0.21283349061926787,
    "calibration_ece": 0.0536187775574979,
    "complementarity_residual": 0.05622334732030846,
    "contact_mode_f1": 0.496142067310112,
    "energy_spike": 0.04533050590267048,
    "fixed_risk_coverage": 0.5769056561926087,
    "impulse_violation": 0.060113025198669776,
    "intervention_cost": 0.18523279378649468,
    "jam_rate": 0.044689001540835195,
    "mode_switch_latency": 0.05392258102948232,
    "recovery_success": 0.5023205832513071,
    "regret_to_oracle": 0.10687499999999998,
    "slip_overshoot": 0.04431228023925937,
    "success": 0.5920833333333333,
    "unsafe_impulse": 0.02946464152830346,
    "utility": 0.6307127114544745
  },
  "terminal_decision": "KILL_ARCHIVE",
  "v4_method": "proposed_contact_mode_boundary_atlas_v4"
}